N|david@crestwoodcomputing.com|david+crestwoodcomputing.com|gohogs|mail.crestwoodcomputing.com|25|x|crestwoodcomputing.com
N|kellimelton@sbcglobal.net|kellimelton@sbcglobal.net|hotshot27|outbound.att.net|25|kellimelton|sbcglobal.net
N|dm10450@att.net|dm10450@att.net|loopy1|outbound.att.net|25|dm10450|att.net
N|bobot349@att.net|bobot349@att.net|tifton319|outbound.att.net|25|bobot349|att.net
N|wirelesstowers@sbcglobal.net|wirelesstowers@sbcglobal.net|madison7|outbound.att.net|25|wirelesstowers|sbcglobal.net
N|john-esparza@sbcglobal.net|john-esparza@sbcglobal.net|bjbj1701|outbound.att.net|25|john-esparza|sbcglobal.net
N|bluefox3@windstream.net|bluefox3@windstream.net|pizza4|smtp.windstream.net|25|bluefox3|windstream.net
N|fehrbuilders@embarqmail.com|fehrbuilders@embarqmail.com|9931719|smtp.embarqmail.com|25|fehrbuilders|embarqmail.com
N|dstolberg1@charter.net|dstolberg1@charter.net|Deb60033|SMTP.charter.net|25|dstolberg1|charter.net
N|lmartin_7392@fuse.net|lmartin_7392@fuse.net|frosty1942|smtp.fuse.net|25|lmartin_7392|fuse.net
Y|dvdc@setel.com|dvdc@setel.com|riverview1|smtp.setel.com|587|dvdc|setel.com
Y|tgc@centurytel.net|tgc@centurytel.net|dani0327|smtpauth.centurytel.net|25|tgc|centurytel.net
Y|tswingle3@mchsi.com|tswingle3@mchsi.com|emobaxax|mail.mediacombb.net|465|tswingle3|mchsi.com
Y|emkay@citlink.net|emkay@citlink.net|llamas|smtp.frontier.com|25|emkay|citlink.net
Y|diknmar@centurytel.net|diknmar@centurytel.net|ds567456f|smtpauth.centurytel.net|25|diknmar|centurytel.net
Y|markcarroll@optonline.net|markcarroll|morley1|mail.optonline.net|587|markcarroll|optonline.net
Y|shaw2691@comcast.net|shaw2691|tenn1sfun|smtp.comcast.net|587|shaw2691|comcast.net
Y|carol.pape@comcast.net|carol.pape|38837grant|smtp.comcast.net|587|carol.pape|comcast.net
Y|gary.giles@insightbb.com|gary.giles|jasoncory|mail.insightbb.com|25|gary.giles|insightbb.com
Y|stalbot1@centurylink.net|stalbot1@centurylink.net|tbird1|smtp.centurylink.net|587|stalbot1|centurylink.net
